4897656141|'Lynch LLC'|2.9613|+6112093207284
416299120|Bauch-Harber|2.5912|1-844-276-8586
863190169|'Glover LLC'|0.1424|'(952) 836-2063'
3632167314|Bahringer-Morissette|2.5782|855-593-2350
2727926816|Rosenbaum-Moore|1.6847|'(512) 921-3559'
4184579381|'Volkman Group'|2.7007|1-855-484-8667
5123290115|'Swaniawski, Morar and Kuhlman'|2.773|673-419-5806
9839996916|'Graham LLC'|0.8057|'(855) 342-7256'
3973362421|'Ferry, Graham and Dietrich'|1.1478|1-730-353-2534
9467539399|Parisian-Weimann|0.9207|866.546.4440
6629998899|'Terry, Williamson and Funk'|2.2634|+2636346729936
354882503|'Schumm, Moore and Kessler'|0.696|877-925-8204
2856318530|'Koepp PLC'|0.642|+1.587.738.2986
5592600380|Murazik-Bernhard|1.9947|866-571-9562
7766378181|Mertz-Schneider|1.5964|'(521) 242-0821'
3438836537|Mueller-Waelchi|1.2613|855-291-3693
3641356093|Roob-Price|2.0667|+1-761-569-7823
8700506040|'Sanford, Hirthe and Feest'|2.8058|'(800) 867-9334'
6048175582|Gutmann-Bergstrom|0.8561|+1.379.790.7492
1895694558|'Howell and Sons'|2.7958|855-492-9857
4125880961|Ritchie-Boyer|2.361|+7342013118355
8453594605|'Spinka, Will and Kassulke'|2.6283|855-796-3399
2677148512|Nikolaus-Schroeder|2.578|704.920.9266
1918499201|'Jakubowski, Cummings and Jacobi'|2.0486|'(855) 479-1506'
895966664|'Kutch, Larkin and Wehner'|2.5739|+18683698711
1298991286|'Effertz, Lemke and VonRueden'|1.2394|844.448.3970
620305785|'Reichert, Towne and Gorczany'|1.5162|1-541-540-7299
677360025|'Hudson, Buckridge and Dooley'|2.6669|877.985.7048
8066157797|'Jones, Grimes and Fritsch'|2.866|304-794-1205
4412349868|'Predovic, Leffler and Moore'|1.7587|855.538.4568
8207031549|'Rosenbaum Group'|0.0465|+1922183875802
113803156|'Thompson PLC'|1.7581|'(888) 270-5368'
3292248498|'Johns and Sons'|2.4867|+1-591-396-1486
6573155122|'O''Connell Inc'|1.2711|855.246.3523
1881405184|'Kunze, Schultz and Lehner'|2.7099|441-985-5485
7566819338|Jacobi-Dibbert|2.9324|866.358.9435
8003220858|'Beer and Sons'|1.7476|+1-740-645-5958
633176540|'Crooks, Vandervort and Witting'|0.6419|1-866-914-2877
1465669566|'O''Kon LLC'|0.883|+1-817-944-2288
9843859501|'Denesik PLC'|0.9501|800.470.4395
